Make,Model
Audi,A3
Audi,A5
Audi,Q7
Audi,A4
Nissan,370Z
Maybach,Landaulet
Audi,Q5
Nissan,Cube
Hyundai,Elantra
Nissan,Pathfinder
Infiniti,EX
Infiniti,M
Infiniti,G37
BMW,7
Lotus,Elise
Lotus,Exige
Chevrolet,Silverado
BMW,X5
BMW,X6
Chevrolet,Colorado
Chevrolet,Express
Chevrolet,Silverado
Nissan,370Z
Volvo,C30
Bentley,Brooklands
Bentley,Continental
Volvo,C70
Volvo,S40
Volvo,S80
Volvo,V50
Volvo,XC60
Volvo,XC70
Volvo,XC90
Volvo,V70
Toyota,4Runner
Honda,Accord
Audi,A3
Audi,A4
Toyota,Avalon
Ford,Focus
Nissan,Altima
Toyota,Camry
Bentley,Azure
Rolls-Royce,Ghost
Audi,A5
Rolls-Royce,Phantom
Toyota,Corolla
Volkswagen,Jetta
Toyota,FJ
Toyota,Highlander
Toyota,Land
Maybach,57
Maybach,62
Maybach,Landaulet
Toyota,Matrix
Volkswagen,CC
Audi,A6
Nissan,Armada
Audi,A8
Nissan,Cube
Audi,Q5
Lamborghini,Gallardo
Chevrolet,Aveo5
Lexus,LS
Hyundai,Accent
Hyundai,Azera
Audi,Q7
Mercedes-Benz,C-Class
BMW,1
Hyundai,Elantra
Ford,Fusion
Kia,Forte
Honda,Civic
Kia,Optima
Hyundai,Genesis
Volkswagen,GTI
Kia,Rio5
Kia,Rio
Ford,Mustang
Kia,Soul
Audi,R8
Kia,Sedona
Chevrolet,Camaro
Volkswagen,Golf
Audi,S4
Kia,Sportage
Hyundai,Santa
Ford,Taurus
Ford,Edge
Audi,S5
Audi,S6
Chevrolet,Corvette
Nissan,Pathfinder
Volkswagen,Routan
Volkswagen,Tiguan
Hyundai,Sonata
Hyundai,Veracruz
Honda,Fit
Mazda,CX-7
Ford,Flex
Volkswagen,Touareg
Mercedes-Benz,CL-Class
Hyundai,Tucson
Mercedes-Benz,CLS-Class
Mitsubishi,Eclipse
Toyota,RAV4
Mitsubishi,Endeavor
Mitsubishi,Galant
Mitsubishi,Lancer
Cadillac,CTS-V
Cadillac,CTS
BMW,3
Infiniti,EX
Mercedes-Benz,E-Class
Mercedes-Benz,G-Class
Mitsubishi,Outlander
Toyota,Sequoia
Mercedes-Benz,GL-Class
Nissan,Sentra
Nissan,Versa
Mercedes-Benz,GLK-Class
Mercedes-Benz,R-Class
Ford,Escape
Cadillac,Escalade
Dodge,Avenger
Honda,CR-V
Cadillac,DTS
Cadillac,SRX
Nissan,Xterra
BMW,5
Mercedes-Benz,M-Class
Mercedes-Benz,SLK-Class
Lincoln,MKS
Lincoln,MKT
Lincoln,MKX
Lincoln,MKZ
Mazda,CX-9
Toyota,Sienna
Honda,Element
Mazda,Mazda3
Mazda,Mazdaspeed3
Ford,Explorer
Mazda,Mazda5
Lincoln,Navigator
Lincoln,Town
Infiniti,FX
Dodge,Caliber
BMW,6
Infiniti,M
Dodge,Challenger
Cadillac,STS
Mazda,Mazda6
Dodge,Charger
Ford,Expedition
Mazda,MX-5
Mazda,RX-8
Toyota,Venza
Toyota,Yaris
Transit,Connect
Ford,Crown
Mazda,Tribute
Jeep,Commander
GMC,Acadia
GMC,Terrain
GMC,Canyon
Infiniti,G37
Honda,Pilot
Dodge,Grand
Jeep,Compass
BMW,7
Chevrolet,Equinox
Dodge,Journey
Lexus,ES
Dodge,Nitro
Porsche,911
GMC,Yukon
Infiniti,QX56
Acura,MDX
Acura,RDX
BMW,M3
Acura,ZDX
Acura,RL
Acura,TL
Acura,TSX
Dodge,Viper
Porsche,Boxster
Porsche,Cayenne
Chevrolet,HHR
Porsche,Cayman
Chevrolet,Impala
Buick,Enclave
Buick,Lacrosse
Suzuki,Grand
GMC,Sierra
Honda,Odyssey
GMC,Savana
Suzuki,Kizashi
Saab,09-Mar
Suzuki,SX4
Subaru,Forester
Lexus,GS
Buick,Lucerne
Aston,Martin
Subaru,Impreza
Jeep,Grand
Land,Rover
Jeep,Liberty
Ferrari,612
Chrysler,Sebring
Scion,tC
MINI,Cooper
MINI,Clubman
Jaguar,XK
Chrysler,300
Chrysler,Town
Jaguar,XF
Jeep,Patriot
Lotus,Elise
Chevrolet,Malibu
Lotus,Exige
Maserati,GranTurismo
Jeep,Wrangler
Maserati,Quattroporte
Honda,Ridgeline
Mercury,Grand
BMW,M6
BMW,X3
Chevrolet,Suburban
Chevrolet,Tahoe
BMW,Z4
Saab,09-May
Mercury,Mariner
Chevrolet,Traverse
Mercury,Milan
Chevrolet,Avalanche
Dodge,Ram
Lexus,IS
Toyota,Tacoma
Scion,xB
Scion,xD
Jaguar,XJ
Subaru,Legacy
Suzuki,Equator
Subaru,Outback
Nissan,Frontier
Lexus,LX
Ford,Ranger
Toyota,Tundra
Dodge,Dakota
Nissan,Titan
Ford,F-150
BMW,X5
BMW,X6
Chevrolet,Colorado
Chevrolet,Express
Chevrolet,Silverado
Nissan,370Z
Volvo,C30
Bentley,Continental
Volvo,C70
Volvo,S40
Volvo,S60
Volvo,S80
Volvo,V50
Volvo,XC60
Volvo,XC70
Toyota,4Runner
Volvo,XC90
Audi,A3
Audi,A4
Ford,Fiesta
Honda,Accord
Toyota,Avalon
Toyota,Camry
Ford,Focus
Nissan,Altima
Toyota,Corolla
Audi,A5
Rolls-Royce,Ghost
Rolls-Royce,Phantom
Volkswagen,Jetta
Toyota,FJ
Audi,A6
Toyota,Highlander
Toyota,Land
Toyota,Matrix
Maybach,57
Maybach,62
Maybach,Landaulet
Nissan,Armada
Chevrolet,Aveo
Chevrolet,Aveo5
Audi,A8
Nissan,Cube
Audi,Q5
Honda,Civic
Lamborghini,Gallardo
Lexus,LS
Hyundai,Accent
Hyundai,Azera
Audi,Q7
Toyota,RAV4
Nissan,Juke
Chevrolet,Camaro
Hyundai,Elantra
Volkswagen,CC
Ford,Fusion
Kia,Forte
Audi,R8
Hyundai,Equus
Kia,Optima
Kia,Rio
Hyundai,Genesis
Volkswagen,GTI
Ford,Mustang
Mercedes-Benz,C-Class
Kia,Rio5
Kia,Soul
Ford,Shelby
Kia,Sedona
Audi,S4
Kia,Sorento
Kia,Sportage
Nissan,Pathfinder
Hyundai,Santa
Ford,Taurus
Volkswagen,Golf
Ford,Edge
Audi,S5
Audi,S6
Chevrolet,Corvette
Volkswagen,Routan
Hyundai,Sonata
Honda,CR-Z
Hyundai,Veracruz
Honda,Fit
Mazda,CX-7
Ford,Flex
Hyundai,Tucson
Mazda,CX-9
Volkswagen,Tiguan
BMW,1
Mercedes-Benz,CL-Class
Mercedes-Benz,CLS-Class
Mitsubishi,Eclipse
Mitsubishi,Endeavor
Mitsubishi,Galant
Cadillac,CTS-V
Mitsubishi,Lancer
Cadillac,CTS
Toyota,Sequoia
Mercedes-Benz,E-Class
BMW,3
Nissan,Sentra
Mercedes-Benz,G-Class
Cadillac,Escalade
Mitsubishi,Outlander
Cadillac,DTS
Infiniti,EX
Mercedes-Benz,GL-Class
Nissan,Versa
Mercedes-Benz,GLK-Class
Ford,Escape
Mercedes-Benz,R-Class
Chevrolet,Cruze
Cadillac,SRX
Dodge,Avenger
Honda,CR-V
Honda,Element
Nissan,Xterra
Mercedes-Benz,M-Class
Toyota,Sienna
BMW,5
Mercedes-Benz,SL-Class
Mercedes-Benz,SLK-Class
Lincoln,MKS
Lincoln,MKT
Lincoln,MKX
Lincoln,MKZ
Mazda,Mazda2
Mazda,Mazda3
Ford,Explorer
Mazda,Mazdaspeed3
Honda,Pilot
Lincoln,Navigator
Lincoln,Town
Infiniti,FX
Cadillac,STS
Dodge,Caliber
Dodge,Challenger
Infiniti,M
Toyota,Venza
Ford,Expedition
Dodge,Charger
Mazda,Mazda6
GMC,Acadia
Dodge,Durango
Mazda,MX-5
Mazda,RX-8
Infiniti,G25
Toyota,Yaris
Chevrolet,Equinox
Transit,Connect
Porsche,911
Mazda,Tribute
Dodge,Grand
Jeep,Compass
GMC,Canyon
Dodge,Journey
Infiniti,G37
BMW,7
BMW,ActiveHybrid
Dodge,Nitro
BMW,ALPINA
Infiniti,IPL
GMC,Terrain
GMC,Yukon
Infiniti,QX56
Acura,MDX
Acura,RDX
Acura,ZDX
BMW,M3
Acura,RL
Acura,TL
Acura,TSX
GMC,Savana
Porsche,Boxster
Porsche,Cayenne
Chevrolet,HHR
Porsche,Cayman
Chevrolet,Impala
Subaru,Forester
Buick,Enclave
Suzuki,Grand
Buick,Lacrosse
Honda,Odyssey
Suzuki,Kizashi
Saab,09-Mar
Suzuki,SX4
Lexus,ES
Buick,Lucerne
Buick,Regal
Aston,Martin
Jeep,Grand
Subaru,Impreza
Jeep,Liberty
Land,Rover
Chrysler,200
Scion,tC
MINI,Cooper
Jaguar,XJ
MINI,Clubman
Jaguar,XK
Chrysler,300
Jaguar,XF
Jeep,Patriot
Chrysler,Town
Lotus,Elise
Chevrolet,Malibu
Lotus,Evora
MINI,Countryman
Lotus,Exige
Maserati,GranTurismo
Maserati,Quattroporte
Jeep,Wrangler
Honda,Ridgeline
Mercury,Grand
Mercury,Mariner
BMW,X3
Chevrolet,Suburban
Dodge,Ram
GMC,Sierra
Chevrolet,Tahoe
BMW,Z4
Saab,9-4X
Saab,09-May
Chevrolet,Traverse
Mercury,Milan
Lexus,GS
Chevrolet,Avalanche
Subaru,Legacy
Lexus,IS
Toyota,Tacoma
Scion,xB
Scion,xD
Toyota,Tundra
Suzuki,Equator
Nissan,Frontier
Subaru,Outback
Ford,Ranger
Lexus,LX
Ford,E-150
Ford,E-350
Dodge,Dakota
Nissan,Titan
Ford,E-250
Ford,F-150
Acura,TL
Chevrolet,Colorado
Chevrolet,Express
Bentley,Continental
Volvo,S60
Audi,A3
Audi,A4
Ford,Fiesta
Ford,Focus
Volvo,S80
Volvo,XC60
Volvo,XC70
Volvo,XC90
Audi,A5
Audi,A6
Audi,A7
Audi,Q5
Audi,Q7
Hyundai,Accent
Chevrolet,Camaro
Hyundai,Elantra
Ford,Fusion
Audi,R8
Hyundai,Genesis
Ford,Mustang
Kia,Sedona
Kia,Sorento
Audi,S4
Kia,Sportage
Ford,Taurus
Audi,S5
Ford,Edge
Chevrolet,Corvette
Hyundai,Sonata
Hyundai,Tucson
Ford,Flex
Mitsubishi,Eclipse
Ford,Escape
Chevrolet,Cruze
Nissan,Altima
Nissan,Sentra
Nissan,Versa
Ford,Explorer
Mazda,Mazda5
Mazda,Mazda6
Infiniti,M
Chevrolet,Equinox
Ford,Transit
Toyota,Yaris
Toyota,Highlander
Chevrolet,Impala
Subaru,Impreza
Land,Rover
Scion,tC
MINI,Cooper
Chevrolet,Malibu
MINI,Clubman
MINI,Countryman
Chevrolet,Sonic
Toyota,Camry
Toyota,FJ
Chevrolet,Traverse
Scion,xB
Aston,Martin
Ford,E-150
Buick,Enclave
Ford,E-350
Buick,Lacrosse
Buick,Regal
Ford,E-250
Nissan,Titan
BMW,1
BMW,3
Nissan,370Z
Nissan,JUKE
Hyundai,Veloster
Hyundai,Equus
Hyundai,Santa
Ford,Expedition
Nissan,Xterra
Nissan,Pathfinder
Hyundai,Veracruz
Infiniti,G25
Infiniti,G37
Volvo,C30
Jeep,Compass
Nissan,Armada
Lexus,IS
Lexus,ES
Lexus,LS
Toyota,Sienna
Audi,A8
Audi,TT
Honda,Accord
Lexus,RX
Infiniti,IPL
Lexus,LFA
Infiniti,EX
Infiniti,FX
Infiniti,QX56
Dodge,Durango
Jeep,Grand
Toyota,4Runner
Mazda,Mazda2
Toyota,Sequoia
Mazda,Mazda3
Dodge,Charger
Volkswagen,Tiguan
Dodge,Challenger
Dodge,Avenger
Dodge,Caliber
Volkswagen,Jetta
Volkswagen,CC
Mazda,Mazdaspeed3
Dodge,Grand
Mazda,MX-5
Dodge,Journey
Mazda,CX-9
Kia,Forte
Honda,Civic
Kia,Optima
Kia,Rio
Kia,Soul
Volkswagen,Passat
Volkswagen,Touareg
GMC,Acadia
GMC,Terrain
GMC,Yukon
Volvo,C70
GMC,Savana
Volkswagen,Golf
Cadillac,CTS
Jaguar,XF
Jaguar,XJ
Jaguar,XK
Jeep,Liberty
Cadillac,CTS-V
Volkswagen,Routan
Volkswagen,GTI
Jeep,Patriot
Volkswagen,Beetle
Jeep,Wrangler
Cadillac,SRX
Cadillac,Escalade
BMW,5
Acura,RL
Acura,TSX
Acura,ZDX
Acura,MDX
Subaru,Legacy
Mitsubishi,Galant
Mitsubishi,Outlander
Subaru,Outback
Buick,Verano
Suzuki,Kizashi
Saab,09-Mar
Subaru,Forester
Suzuki,SX4
Lincoln,MKZ
Lincoln,MKS
Lincoln,MKX
Lincoln,MKT
Bentley,Mulsanne
Lincoln,Navigator
Honda,CR-Z
Honda,Fit
Honda,Odyssey
Honda,Pilot
Lamborghini,Gallardo
BMW,7
